{"cameraMode":{"drawMode":0,"name":"Shaded","section":"Shading Mode"},"sceneLighting":true,"audioPlay":false,"sceneViewState":{"m_AlwaysRefresh":false,"showFog":true,"showSkybox":true,"showFlares":true,"showImageEffects":true,"showParticleSystems":true,"showVisualEffectGraphs":true,"m_FxEnabled":true},"in2DMode":false,"pivot":{"x":56.48795700073242,"y":26.333202362060548,"z":7.370016574859619},"rotation":{"x":0.17543818056583405,"y":-0.15997616946697236,"z":0.029191700741648675,"w":0.9711325168609619},"size":3.6578166484832765,"orthographic":false}