{"cameraMode":{"drawMode":0,"name":"Shaded","section":"Shading Mode"},"sceneLighting":true,"audioPlay":false,"sceneViewState":{"m_AlwaysRefresh":false,"showFog":true,"showSkybox":true,"showFlares":true,"showImageEffects":true,"showParticleSystems":true,"showVisualEffectGraphs":true,"m_FxEnabled":true},"in2DMode":false,"pivot":{"x":57.24742889404297,"y":17.3128719329834,"z":28.984806060791017},"rotation":{"x":0.09730272740125656,"y":0.19305306673049928,"z":-0.018919186666607858,"w":0.9763312935829163},"size":3.6578166484832765,"orthographic":false}