{"cameraMode":{"drawMode":0,"name":"Shaded","section":"Shading Mode"},"sceneLighting":false,"audioPlay":false,"sceneViewState":{"m_AlwaysRefresh":false,"showFog":true,"showSkybox":false,"showFlares":true,"showImageEffects":true,"showParticleSystems":true,"showVisualEffectGraphs":true,"m_FxEnabled":true},"in2DMode":false,"pivot":{"x":0.2961503565311432,"y":5.259886741638184,"z":-0.5670973658561707},"rotation":{"x":-0.031521961092948917,"y":-0.13785549998283387,"z":0.004120021592825651,"w":-0.9900456666946411},"size":14.09670639038086,"orthographic":false}